{"schemaVersion":"1.0","appDefinitionTemplate":{"id":"/providers/Microsoft.PowerApps/apps/","type":"Microsoft.PowerApps/apps","tags":{"primaryDeviceWidth":"640","primaryDeviceHeight":"1136","supportsPortrait":"true","supportsLandscape":"true","primaryFormFactor":"Phone","publisherVersion":"3.22101.23","minimumRequiredApiVersion":"2.2.0","hasComponent":"false","hasUnlockedComponent":"false","isUnifiedRootApp":"false","sienaVersion":"20221019T190620Z-3.22101.23.0"},"properties":{"appVersion":"2022-10-19T19:06:20Z","lifeCycleId":"Published","createdByClientVersion":{"major":3,"minor":22101,"build":23,"revision":0,"majorRevision":0,"minorRevision":0},"minClientVersion":{"major":3,"minor":22101,"build":23,"revision":0,"majorRevision":0,"minorRevision":0},"backgroundColor":"RGBA(0,176,240,1)","backgroundImageUri":"/12669116825080836913/Nc0bd763e-f191-4b18-936c-4793a7b47668-logoSmallFile","displayName":"MixedReality2022Phone","description":"","commitMessage":"","appUris":{"documentUri":{"value":"/12669116825080836913/Nddf8b622-20ee-4d7e-b2f2-f7dbcbcf740a-document.msapp"},"imageUris":[],"additionalUris":[]},"createdTime":"0001-01-01T00:00:00Z","lastModifiedTime":"0001-01-01T00:00:00Z","sharedGroupsCount":0,"sharedUsersCount":0,"icons":{"smallIconUri":"/12669116825080836913/N2a648525-9d2d-4330-b4d2-7ce6945dbdda-small.png","mediumIconUri":"/12669116825080836913/Nbe598aaa-cc1c-4163-98a7-bc09a691e19d-medium.png","largeIconUri":"/12669116825080836913/N9e91512a-3e41-48bb-a55c-c6870f8f12f6-large.png","wideIconUri":"/12669116825080836913/Ne694d565-2cb0-47f5-a0d1-758371db5ffa-wide.png"},"connectionReferences":{"63f7ff38-2d96-49c0-a7cb-cfac388d6ade":{"id":"860946dc-b471-4ce8-bb2a-e77fca6cdcad","displayName":"SharePoint","iconUri":"https://connectoricons-prod.azureedge.net/releases/v1.0.1591/1.0.1591.2961/sharepointonline/icon.png","dataSources":["MixedRealityUploadedImage","MixedRealityModels"],"dependencies":[],"dependents":[],"parameterHints":{},"parameterHintsV2":{},"isOnPremiseConnection":false,"bypassConsent":false,"dataSets":{"https://tenant365marocc.sharepoint.com/sites/3DandGeoFeatures":{"dataSources":{"MixedRealityUploadedImage":{"tableName":"61816853-db76-45c5-ac15-b28b1db63ae8"},"MixedRealityModels":{"tableName":"c9872a6c-9961-4d90-8aaf-b1743185dd3f"}}}},"apiTier":"Standard","isCustomApiConnection":false,"actions":["providers/PowerPlatform.Governance/Operations/Read"]},"5dea68f0-eda8-411f-a698-c3d59efacc3d":{"id":"65ced3f0-c54a-43e4-a7ad-0b7fce4f2c33","displayName":"Power Apps for Makers","iconUri":"https://connectoricons-prod.azureedge.net/releases/v1.0.1551/1.0.1551.2693/powerappsforappmakers/icon.png","dataSources":["PowerAppsforMakers"],"dependencies":[],"dependents":[],"parameterHints":{},"parameterHintsV2":{},"isOnPremiseConnection":false,"bypassConsent":false,"dataSets":{},"apiTier":"Standard","isCustomApiConnection":false,"actions":["Get-Apps","Get-AppVersions"]}},"databaseReferences":{},"almMode":"Environment","performanceOptimizationEnabled":true,"canConsumeAppPass":true,"enableModernRuntimeMode":false,"executionRestrictions":{"isTeamsOnly":false,"dataLossPreventionEvaluationResult":{"status":"Compliant","lastEvaluationDate":"2022-06-15T08:42:15.1908831Z","violations":[],"violationsByPolicy":[],"violationErrorMessage":"The app uses the following connectors: ."}}},"appType":"ClassicCanvasApp","appComponents":[]}}