{"schemaVersion":"1.0","appDefinitionTemplate":{"id":"/providers/Microsoft.PowerApps/apps/","type":"Microsoft.PowerApps/apps","tags":{"primaryDeviceWidth":"640","primaryDeviceHeight":"1136","supportsPortrait":"true","supportsLandscape":"true","primaryFormFactor":"Phone","publisherVersion":"3.22101.23","minimumRequiredApiVersion":"2.2.0","hasComponent":"true","hasUnlockedComponent":"true","isUnifiedRootApp":"false","sienaVersion":"20221018T115107Z-3.22101.23.0"},"properties":{"appVersion":"2022-10-18T11:51:07Z","lifeCycleId":"Published","createdByClientVersion":{"major":3,"minor":22101,"build":23,"revision":0,"majorRevision":0,"minorRevision":0},"minClientVersion":{"major":3,"minor":22101,"build":23,"revision":0,"majorRevision":0,"minorRevision":0},"backgroundColor":"RGBA(0,176,240,1)","backgroundImageUri":"/4266817912989807576/N02784568-8d41-4dcc-ac61-bc9798ac46ea-logoSmallFile","displayName":"Quality Inspection","description":"","commitMessage":"","appUris":{"documentUri":{"value":"/4266817912989807576/N586fdaa5-ea25-499d-820c-ad63e51bab38-document.msapp"},"imageUris":[],"additionalUris":[]},"createdTime":"0001-01-01T00:00:00Z","lastModifiedTime":"0001-01-01T00:00:00Z","sharedGroupsCount":0,"sharedUsersCount":0,"icons":{"smallIconUri":"/4266817912989807576/N89e7911e-3df7-4707-ad0b-60425d4c8126-small.png","mediumIconUri":"/4266817912989807576/Nde56d32a-c524-459e-bef7-dc022bbb1e3c-medium.png","largeIconUri":"/4266817912989807576/N7cfa4c4c-3476-40db-a2d6-aec65677d30c-large.png","wideIconUri":"/4266817912989807576/N01798431-11b6-4bf4-8721-deda5150e8de-wide.png"},"connectionReferences":{"434c6556-8e2e-4347-8f6b-e1eb5dce5d89":{"id":"860946dc-b471-4ce8-bb2a-e77fca6cdcad","displayName":"SharePoint","iconUri":"https://connectoricons-prod.azureedge.net/releases/v1.0.1591/1.0.1591.2961/sharepointonline/icon.png","dataSources":["Quality Assurance","Quality Assurance Photo","Quality Product"],"dependencies":[],"dependents":[],"parameterHints":{},"parameterHintsV2":{},"isOnPremiseConnection":false,"bypassConsent":false,"dataSets":{"https://tenant365marocc.sharepoint.com/sites/3DandGeoFeatures":{"dataSources":{"Quality Assurance":{"tableName":"79415cdd-afcd-4bf3-a877-49e2381c7155"},"Quality Assurance Photo":{"tableName":"8b928cc0-798d-4ee8-bad4-34201b228777"},"Quality Product":{"tableName":"4b4fc498-c895-47cf-9fd2-87051e92fc1c"}}}},"apiTier":"Standard","isCustomApiConnection":false,"actions":["providers/PowerPlatform.Governance/Operations/Read"]},"620e10da-dcd1-4491-b6ee-d2416b20f590":{"id":"65ced3f0-c54a-43e4-a7ad-0b7fce4f2c33","displayName":"Power Apps for Makers","iconUri":"https://connectoricons-prod.azureedge.net/releases/v1.0.1551/1.0.1551.2693/powerappsforappmakers/icon.png","dataSources":["PowerAppsforMakers"],"dependencies":[],"dependents":[],"parameterHints":{},"parameterHintsV2":{},"isOnPremiseConnection":false,"bypassConsent":false,"dataSets":{},"apiTier":"Standard","isCustomApiConnection":false,"actions":["Get-Apps","Get-AppVersions"]}},"databaseReferences":{},"almMode":"Environment","performanceOptimizationEnabled":true,"canConsumeAppPass":true,"enableModernRuntimeMode":false,"executionRestrictions":{"isTeamsOnly":false,"dataLossPreventionEvaluationResult":{"status":"Compliant","lastEvaluationDate":"2022-08-25T10:31:54.9325787Z","violations":[],"violationsByPolicy":[],"violationErrorMessage":"The app uses the following connectors: shared_sharepointonline."}}},"appType":"ClassicCanvasApp","appComponents":[]}}